City_ID,City,Cloudiness,Country,Date,Humidity,Lat,Lng,Max Temp,Wind Speed
0,Collie,0,AU,1519145764,86,-33.36,116.15,54.51,11.41
1,Vila Velha,12,BR,1519145765,100,-3.71,-38.6,81.15,8.95
2,Rudnogorsk,56,RU,1519145766,77,57.27,103.75,6.4,5.03
3,Saint George,92,GR,1519145767,98,39.45,22.34,42,2.57
6,Anshun,12,CN,1519145618,78,26.25,105.93,49.38,3.13
7,Tual,80,ID,1519145829,96,-5.67,132.75,85.74,6.82
8,Pandamatenga,88,BW,1519145829,92,-18.54,25.64,71.16,3.36
9,Olga,5,US,1519142400,17,34.11,-118.17,46.4,5.82
10,Coihueco,0,CL,1519145831,68,-36.63,-71.83,74.58,4.03
11,Derzhavinsk,88,KZ,1519145831,80,51.1,66.31,16.57,11.97
12,Mareeba,68,AU,1519145832,96,-16.99,145.42,70.75,3.02
13,Rudsar,0,IR,1519145832,93,37.14,50.29,46,11.97
14,Bilibino,76,RU,1519145833,69,68.06,166.44,-11.06,2.8
15,Nantucket,90,US,1519143840,93,41.28,-70.1,51.8,10.29
16,Santa Isabel do Rio Negro,24,BR,1519145836,69,-0.41,-65.02,86.37,3.24
17,Anda,0,CN,1519145838,62,46.41,125.33,-2.92,8.28
18,Pacific Grove,1,US,1519144500,80,36.62,-121.92,39.2,5.7
19,Tiznit,8,MA,1519145839,84,29.7,-9.73,59.59,6.38
20,Artesia,1,US,1519144500,31,32.84,-104.4,60.8,20.8
21,Sao Paulo de Olivenca,8,BR,1519145840,60,-3.38,-68.87,91.59,2.91
22,Vila Franca do Campo,68,PT,1519145840,98,37.72,-25.43,61.75,18.23
23,Santa Margherita Ligure,0,IT,1519145841,100,44.33,9.21,37.54,6.93
24,Cabedelo,32,BR,1519145841,91,-6.97,-34.84,82.14,10.74
25,Vokhma,64,RU,1519145842,87,58.93,46.76,14.77,2.91
26,Booue,92,GA,1519145842,100,-0.09,11.94,70.98,1.9
27,Pierre,90,US,1519141980,84,44.37,-100.35,3.2,17.22
28,Camopi,92,GF,1519145843,90,3.17,-52.33,76.42,3.91
29,Datong,0,CN,1519145843,55,40.09,113.3,4.11,2.57
30,Ialibu,48,PG,1519145844,97,-6.28,143.99,49.47,1.23
31,Lebu,32,ET,1519145846,74,8.96,38.73,59.19,6.04
32,Petrov Val,64,RU,1519145848,85,50.14,45.21,18.15,9.06
33,Maceio,88,BR,1519145613,75,-9.67,-35.74,82.77,9.84
34,Hilo,1,US,1519142160,72,19.71,-155.08,66.2,6.93
36,Fort Morgan,40,US,1519144500,50,40.25,-103.8,6.8,6.38
38,Zeya,12,RU,1519145911,60,53.74,127.27,-14.03,2.35
41,Sarakhs,12,TM,1519145972,91,36.54,61.16,40.47,7.83
43,Kongoussi,0,BF,1519146004,28,13.32,-1.53,93.84,4.14
44,Touros,20,BR,1519146010,74,-5.2,-35.46,85.29,10.96
45,Karasjok,44,NO,1519146013,47,69.47,25.52,-8.23,2.46
46,Marawi,12,PH,1519146013,100,8,124.29,64,2.8
47,Airai,56,TL,1519146014,90,-8.93,125.41,68.28,1.57
48,Kikwit,88,CD,1519146015,81,-5.04,18.82,77.37,4.14
49,Cilegon,76,ID,1519146017,100,-6.02,106.05,78.54,6.93
51,Pitimbu,75,BR,1519142400,58,-7.47,-34.81,87.8,10.29
52,Yuanping,24,CN,1519146058,51,38.72,112.71,10.9,2.46
53,Alvik,76,SE,1519146059,76,60.75,14.87,19.45,2.35
55,Nkhata Bay,8,MW,1519146090,88,-11.61,34.3,74.44,2.13
56,Tucupita,92,VE,1519146090,60,9.06,-62.05,83.44,9.95
57,Saint-Georges,92,CA,1519146091,98,46.12,-70.67,39.48,5.93
58,Isangel,12,VU,1519146094,100,-19.55,169.27,81.19,6.6
59,Saint Anthony,90,US,1519145100,72,43.97,-111.68,12.2,8.05
60,Oberndorf,68,DE,1519146096,90,48.76,12.13,21.75,2.91
61,Mangrol,0,IN,1519146097,68,25.33,76.51,59.77,2.91
62,Sena Madureira,92,BR,1519146097,100,-9.07,-68.66,73.05,3.36
63,Aranos,64,NA,1519146098,18,-24.14,19.11,87.99,7.94
65,Sinnamary,92,GF,1519146129,94,5.38,-52.96,79.8,12.41
66,Zapadnaya Dvina,64,RU,1519146129,84,56.26,32.09,15.67,7.16
67,Salalah,0,OM,1519146129,100,17.01,54.1,70.98,3.47
68,Rovaniemi,0,FI,1519146130,65,66.5,25.72,-0.08,3.91
69,Laguna,40,MX,1519141320,87,27.52,-110.01,59,3.36
70,Mount Isa,0,AU,1519146131,87,-20.73,139.49,70.98,5.93
71,Parintins,36,BR,1519146132,77,-2.63,-56.73,84.3,3.36
72,Urucara,48,BR,1519146134,74,-2.54,-57.76,84.3,3.02
73,Sosnovo-Ozerskoye,0,RU,1519146136,66,52.53,111.54,0.37,11.41
74,Katangli,36,RU,1519146136,100,51.71,143.23,-0.8,8.16
75,Cedar City,20,US,1519141980,92,37.68,-113.06,14,4.7
76,Puerto Carreno,40,CO,1519142400,48,6.19,-67.49,87.8,17.22
77,San Juan,40,PR,1519142160,69,18.47,-66.12,80.6,17.22
78,Flinders,92,AU,1519146140,81,-34.58,150.85,62.29,2.8
79,Dongying,64,CN,1519146141,75,37.43,118.67,27.6,2.91
80,Slave Lake,48,CA,1519146141,53,55.28,-114.77,6.04,5.14
81,Prince Rupert,0,CA,1519145842,100,54.32,-130.32,17.16,2.68
82,Cape Town,0,ZA,1519146142,90,-33.93,18.42,65.89,22.7
83,Santa Maria,75,BR,1519142400,83,-29.69,-53.81,77,3.36
85,Beira,0,ES,1519146178,77,43.2,-8.36,51.49,7.38
86,Sterling,1,US,1519145760,60,39,-77.4,69.8,11.41
88,Mercedes,8,UY,1519146212,66,-33.25,-58.03,86.28,9.62
89,Jalu,48,LY,1519146212,28,29.03,21.55,65.8,9.28
90,Quatre Cocos,92,MU,1519146214,97,-20.21,57.76,76.69,3.36
91,Port Blair,0,IN,1519146222,100,11.67,92.75,81.87,10.63
92,Sorong,56,ID,1519146223,100,-0.86,131.25,79.3,6.38
93,Hay River,12,CA,1519146223,69,60.82,-115.79,-15.61,3.91
95,Bendigo,24,AU,1519146254,51,-36.76,144.28,62.52,9.95
96,Victoria,36,BN,1519146171,100,5.28,115.24,81.06,6.49
97,Muros,0,ES,1519146256,76,42.77,-9.06,56.67,12.97
98,Whitianga,64,NZ,1519146257,100,-36.83,175.7,71.2,18.01
99,Namibe,24,AO,1519146257,100,-15.19,12.15,76.11,8.05
100,Dunkwa,44,GH,1519146260,80,5.97,-1.78,83.04,4.81
101,Sisimiut,12,GL,1519146262,77,66.94,-53.67,-8.23,2.13
102,Lasa,32,CY,1519146262,100,34.92,32.53,54.96,3.47
104,Luebo,24,CD,1519146293,90,-5.35,21.42,72.78,1.34
105,Awbari,88,LY,1519146294,29,26.59,12.77,64.41,5.14
106,Kautokeino,0,NO,1519146294,61,69.01,23.04,-13.72,2.57
107,Brae,88,GB,1519146295,90,60.4,-1.35,44.65,15.43
108,Northam,0,GB,1519146295,84,51.04,-4.21,43.98,16.22
109,Tura,8,IN,1519146296,76,25.52,90.21,59.77,3.13
110,Tatishchevo,20,RU,1519146297,83,51.67,45.59,17.2,9.17
111,Scottsbluff,1,US,1519141980,70,41.87,-103.67,-2.21,5.82
112,San Jeronimo,75,PE,1519142400,71,-13.65,-73.37,51.8,2.57
113,Leh,48,IN,1519146298,55,34.16,77.58,-11.15,1.01
114,Nabire,68,ID,1519146298,98,-3.36,135.5,66.75,1.68
116,Himensulan,80,PH,1519146330,100,10.6,124.28,80.34,10.4
117,Arraial do Cabo,20,BR,1519146000,55,-22.97,-42.02,89.6,17.22
119,Porto Novo,40,BR,1519146000,55,-23.68,-45.44,86,6.93
120,Pleasanton,40,US,1519145220,51,37.66,-121.87,42.8,3.24
121,Bundaberg,68,AU,1519146367,100,-24.87,152.35,77.5,17.22
122,Horta,8,ES,1519146367,100,41.43,2.16,52.71,3.8
123,Dembi Dolo,44,ET,1519146368,86,8.53,34.8,68.37,1.79
124,Nikolskoye,64,RU,1519146368,81,59.7,30.79,14.01,4.59
125,Nador,0,MA,1519146200,97,35.17,-2.93,58.56,4.59
126,Hermanus,36,ZA,1519146369,73,-34.42,19.24,66.3,7.38
127,Petropavlovsk-Kamchatskiy,0,RU,1519146369,100,53.05,158.65,4.65,2.91
128,Lishui,80,CN,1519146370,100,28.45,119.91,45.96,2.13
129,Katsuura,76,JP,1519146370,92,33.93,134.5,34.3,4.47
133,Cap Malheureux,92,MU,1519146463,100,-19.98,57.61,81.15,5.14
134,Antalaha,92,MG,1519146463,99,-14.9,50.28,77.64,4.59
137,Uruacu,24,BR,1519146534,98,-14.52,-49.14,78.4,4.7
138,Irkutsk,36,RU,1519146534,67,52.29,104.28,1.27,2.8
139,Chute-aux-Outardes,64,CA,1519146535,71,49.12,-68.38,21.52,9.73
140,Soyo,64,AO,1519146535,91,-6.13,12.37,78.09,5.48
141,Praia da Vitoria,36,PT,1519146535,98,38.73,-27.07,62.61,26.96
142,Ewa Beach,1,US,1519142220,77,21.32,-158.01,64.4,3.36
143,Abashiri,44,JP,1519146536,58,44.01,144.25,1.99,2.91
144,San Policarpo,92,PH,1519146537,99,12.18,125.51,78.49,12.86
145,Tarata,0,PE,1519146537,35,-17.47,-70.03,62.79,2.91
146,Likasi,24,CD,1519146537,84,-10.99,26.74,74.04,2.24
147,Nuuk,90,GL,1519145400,100,64.17,-51.74,1.4,16.11
148,Iracoubo,100,GF,1519146538,75,5.48,-53.21,79.26,6.38
150,Linfen,80,CN,1519146569,77,36.09,111.52,28.45,2.8
151,Zhigansk,56,RU,1519146570,38,66.77,123.37,-25.24,6.15
152,Turukhansk,0,RU,1519146574,30,65.8,87.96,-20.65,2.68
153,Cayenne,75,GF,1519144200,74,4.94,-52.33,82.4,16.11
155,Marabba,0,SD,1519146605,25,12.35,32.18,83.13,8.16
156,Naliya,0,IN,1519146606,73,23.26,68.83,68.77,7.16
157,Hithadhoo,76,MV,1519146607,100,-0.6,73.08,82.27,7.16
159,Morant Bay,20,JM,1519142400,48,17.88,-76.41,87.8,18.34
160,Karratha,12,AU,1519146639,78,-20.74,116.85,79.57,7.38
161,Bangui,8,CF,1519146610,75,4.39,18.55,81.87,2.68
162,Kushima,92,JP,1519146640,100,31.5,131.29,45.69,10.96
163,Hamilton,75,BM,1519142100,52,32.3,-64.78,69.8,16.11
164,Diffa,0,NE,1519146640,37,13.32,12.61,83.35,3.91
165,Camacupa,80,AO,1519146641,94,-12.02,17.48,65.58,1.9
166,Pisco,0,PE,1519142400,69,-13.71,-76.2,77,8.05
167,Iseyin,64,NG,1519146641,85,7.97,3.6,78.22,7.61
168,Talara,20,PE,1519142400,62,-4.58,-81.27,84.2,9.17
170,Port Hedland,0,AU,1519146677,82,-20.31,118.58,77.64,9.51
171,Bandarbeyla,0,SO,1519146677,100,9.49,50.81,75.25,8.72
172,Westport,64,IE,1519146678,89,53.8,-9.52,44.47,4.14
173,Cherskiy,68,RU,1519146679,67,68.75,161.3,-9.26,3.91
174,Qinzhou,92,CN,1519146679,98,21.96,108.62,66.12,3.58
175,Perth,0,GB,1519146680,92,56.4,-3.43,38.13,6.38
176,Saint-Philippe,90,CA,1519145700,100,45.36,-73.48,41,3.69
177,Shangzhi,32,CN,1519146681,65,45.21,127.96,-4.27,4.36
179,Adrar,0,DZ,1519146712,20,27.87,-0.29,67.15,2.01
180,Amapa,20,HN,1519146000,58,15.09,-87.97,86,5.82
181,Teahupoo,36,PF,1519146713,100,-17.83,-149.27,81.1,12.75
183,Itarema,44,BR,1519146744,94,-2.92,-39.92,81.64,8.16
184,Venezuela,0,CU,1519146745,66,21.74,-78.8,85.74,15.77
186,Santiago,20,CL,1519146000,34,-33.44,-70.65,78.8,5.82
187,Alpena,90,US,1519145700,100,45.06,-83.43,48.2,6.6
191,Alvaraes,75,BR,1519146000,84,-3.22,-64.8,87.8,5.82
192,Conde,0,BR,1519146880,62,-11.81,-37.61,87.49,9.17
194,Tranas,88,SE,1519146913,86,58.04,14.98,23.82,3.02
196,Podzvizd,92,HR,1519146944,94,45.18,15.86,29.58,3.36
197,Fort-Shevchenko,8,KZ,1519146945,100,44.51,50.26,26.97,7.49
198,Nadym,8,RU,1519146946,40,65.53,72.51,-25.73,3.13
199,Kanigoro,0,ID,1519146946,99,-8.13,112.22,78.54,6.26
200,Chara,92,GR,1519146947,98,39.42,22.43,42,2.57
202,San Luis,44,AR,1519146757,54,-33.3,-66.34,73.99,4.59
203,Tirschenreuth,90,DE,1519145760,86,49.88,12.34,30.2,6.82
204,Mlalo,0,TZ,1519146980,81,-4.58,38.35,69.85,1.9
205,Ikom,44,NG,1519146980,82,5.96,8.72,76.92,6.26
206,Maibong,0,IN,1519146980,84,25.3,93.13,51.36,1.57
207,Amurzet,0,CN,1519146981,21,47.69,131.09,-14.03,6.93
208,Hualmay,0,PE,1519146983,61,-11.1,-77.61,77.64,5.26
209,Visby,56,SE,1519146985,100,57.64,18.3,30.66,7.49
210,Mattru,24,SL,1519146985,72,7.62,-11.83,84.21,4.7
211,Yuryevets,88,RU,1519146986,88,57.32,43.11,17.43,8.16
212,Codrington,92,AU,1519146986,100,-28.95,153.24,65.58,5.7
213,Saint-Louis,92,CH,1519146796,90,47.59,7.56,30.84,3.24
214,Wamba,12,CD,1519146987,88,2.14,27.99,73.27,1.68
215,Farap,0,TM,1519146988,93,39.18,63.61,35.29,5.93
216,Araouane,8,ML,1519146988,28,18.9,-3.53,79.8,5.14
217,Batagay,64,RU,1519146989,44,67.65,134.64,-28.48,3.13
218,Chapleau,92,CA,1519146989,71,47.85,-83.4,17.29,6.26
219,Castro,88,CL,1519146990,75,-42.48,-73.76,61.62,4.14
220,Shetpe,8,KZ,1519146991,80,44.14,52.16,19.77,3.91
221,Ledyard,90,US,1519145700,100,41.44,-72.02,60.8,5.82
222,Jackson,75,US,1519145760,68,35.61,-88.82,73.4,23.04
223,Bani Walid,32,LY,1519146997,64,31.76,14,55.23,9.06
224,Banjar,88,ID,1519146998,99,-7.37,108.54,72.19,2.01
225,Thompson,48,CA,1519146798,69,55.74,-97.86,-5.44,4.36
226,Honningsvag,88,NO,1519146999,100,70.98,25.97,28.95,14.76
227,Wanning,92,AT,1519146999,95,48.64,13.53,27.1,2.91
228,Poya,0,NC,1519147000,100,-21.35,165.16,76.69,5.14
230,Clyde River,80,CA,1519147031,87,70.47,-68.59,-10.21,9.06
231,Aloleng,24,PH,1519147032,95,16.13,119.78,78.85,6.15
232,Candolim,12,IN,1519147032,100,15.52,73.76,77.19,8.72
233,Mumford,12,GH,1519147035,69,5.26,-0.76,84.48,13.31
234,Ergani,92,TR,1519147036,98,38.27,39.76,38.67,1.57
235,Les Cayes,0,HT,1519147037,92,18.19,-73.75,82.09,16.55
236,Gushikawa,76,JP,1519147038,100,26.35,127.87,67.29,5.59
237,Tromso,0,NO,1519147039,100,69.65,18.96,-7.6,1.79
238,Canton,75,US,1519145460,64,40.8,-81.38,69.8,18.34
239,Saint-Augustin,80,FR,1519147041,94,44.83,-0.61,50.37,11.97
240,Vung Tau,0,VN,1519147041,99,10.35,107.08,77.82,15.21
241,Igarka,12,RU,1519147042,31,67.47,86.57,-21.23,7.27
242,Esperance,40,TT,1519142400,54,10.24,-61.45,84.2,17.22
243,Eshowe,64,ZA,1519147044,83,-28.89,31.46,74.22,1.79
244,Maniitsoq,24,GL,1519147046,95,65.42,-52.9,-5.21,4.14
245,Jieshi,92,CN,1519147047,100,22.82,115.83,63.24,8.72
246,College,90,US,1519146180,100,64.86,-147.8,26.6,4.7
247,Kuching,92,MY,1519147048,100,1.56,110.34,79.71,3.8
248,Kristinehamn,76,SE,1519147048,77,59.31,14.11,20.67,2.35
249,Capreol,92,CA,1519147049,92,46.71,-80.92,33.49,4.36
250,Narsaq,75,GL,1519145400,43,60.91,-46.05,10.4,20.8
251,Oyama,12,JP,1519147050,82,36.31,139.8,20.76,2.13
252,East London,92,ZA,1519147050,100,-33.02,27.91,73.77,13.87
253,Katobu,0,ID,1519147051,99,-4.94,122.53,80.65,2.57
254,Chokurdakh,0,RU,1519147051,76,70.62,147.9,-17.36,8.16
255,Parabel,88,RU,1519147052,81,58.71,81.5,17.07,5.26
256,Ulladulla,92,AU,1519147052,100,-35.36,150.48,66.03,5.14
257,Kostomuksha,0,RU,1519147052,67,64.59,30.6,2.4,3.58
258,Teya,75,MX,1519141500,58,21.05,-89.07,84.2,24.16
259,Krasnogorskoye,88,RU,1519147057,86,57.7,52.5,17.79,4.14
260,Algiers,44,US,1519145700,69,29.94,-90.04,80.6,18.34
261,Punta Alta,40,AR,1519146000,62,-27.46,-55.82,84.2,17.22
262,Lowestoft,75,GB,1519145400,93,52.48,1.75,42.8,13.87
263,Kyshtovka,68,RU,1519147059,82,56.56,76.62,8.02,6.93
264,Yarada,0,IN,1519147059,100,17.65,83.27,78.54,5.03
265,Lafia,0,NG,1519147060,46,8.5,8.51,89.74,2.91
266,Castlegar,48,CA,1519147060,54,49.32,-117.66,4.38,2.35
267,Sal,80,SY,1519147060,71,36.63,38.46,50.73,8.39
268,Arona,0,IT,1519147061,89,45.76,8.56,31.24,2.68
269,Chepareria,20,KE,1519147061,83,1.32,35.2,59.28,1.34
270,Axim,20,GH,1519147062,97,4.87,-2.24,81.96,12.08
271,Nishihara,32,JP,1519147062,77,35.74,139.53,30.66,4.14
272,Gat,56,SN,1519147062,26,14.69,-16.54,90.87,12.3
273,Sibolga,100,ID,1519147063,100,1.74,98.78,70.98,0.89
274,Groningen,0,NL,1519146770,97,53.22,6.57,34.84,9.84
275,Bredasdorp,80,ZA,1519147068,92,-34.53,20.04,67.92,12.97
276,Zhangye,0,CN,1519147068,72,38.94,100.46,8.29,2.8
278,Caravelas,8,BR,1519147099,100,-17.73,-39.27,79.98,15.77
279,Sao Luiz Gonzaga,92,BR,1519147100,91,-28.41,-54.96,75.48,10.96
280,Maine-Soroa,0,NE,1519147100,44,13.21,12.02,83.22,2.8
282,Pennagaram,0,IN,1519147131,61,12.13,77.9,66.3,5.7
283,Cuamba,0,MZ,1519147131,89,-14.8,36.54,74.31,2.91
284,Bloomsburg,90,US,1519145580,100,41,-76.45,48.2,6.93
285,Arman,32,RU,1519147132,62,59.7,150.17,-14.26,3.36
286,Bowral,88,AU,1519147133,80,-34.48,150.42,61.3,2.68
287,Belaya Gora,0,RU,1519147133,0,68.54,146.19,-25.91,2.91
288,Fayaoue,24,NC,1519147134,100,-20.65,166.53,80.92,9.4
289,Husavik,48,CA,1519147134,85,50.56,-96.99,6.85,4.59
291,Inuvik,88,CA,1519147133,56,68.36,-133.71,3.07,5.59
293,Flin Flon,56,CA,1519147200,67,54.77,-101.88,2.04,5.37
294,Ust-Nera,44,RU,1519147201,34,64.57,143.24,-25.46,1.45
295,Kavaratti,0,IN,1519147202,100,10.57,72.64,82.68,9.4
296,Tailai,0,CN,1519147202,70,46.39,123.41,-1.61,4.14
297,Sayyan,88,YE,1519147203,36,15.17,44.32,64.09,4.7
298,Ancud,20,CL,1519146982,67,-41.87,-73.83,64.09,4.7
299,Bratsk,20,RU,1519147204,64,56.15,101.63,-0.49,3.91
300,Pemba,8,MZ,1519147204,100,-12.97,40.52,83.76,7.38
301,Broken Hill,32,AU,1519147205,45,-31.97,141.45,75.7,14.88
303,Barinas,8,VE,1519147236,34,8.64,-70.23,92.89,12.3
304,Aksarka,8,RU,1519147236,37,66.56,67.8,-24.43,3.47
305,Saint-Joseph,56,FR,1519147237,87,43.56,6.97,36.82,1.79
306,Jimeta,0,NG,1519147240,42,9.28,12.44,84.52,3.02
307,Hami,0,CN,1519147241,58,42.84,93.51,9.78,1.9
308,Comodoro Rivadavia,75,AR,1519146000,33,-45.87,-67.48,77,10.29
309,Elban,20,RU,1519147242,63,50.1,136.51,-13.99,2.68
310,Petrozavodsk,44,RU,1519147243,83,61.79,34.39,13.24,8.84
311,Gemena,20,CD,1519147243,73,3.25,19.78,79.08,2.91
312,Talnakh,32,RU,1519147243,33,69.49,88.39,-22.58,3.58
313,Mahebourg,92,MU,1519147244,97,-20.41,57.7,76.69,3.36
314,Kavieng,56,PG,1519147244,100,-2.57,150.8,83.22,7.38
315,Christchurch,92,NZ,1519146955,100,-43.53,172.64,56.04,27.51
318,Mindelo,0,PT,1519147306,88,41.31,-8.72,57.79,7.49
319,Hauknes,0,NO,1519145400,85,66.28,14.07,10.4,2.24
320,Eaton Socon,75,GB,1519145760,75,52.22,-0.29,46.4,17.22
321,Kang,92,BW,1519147308,43,-23.67,22.79,83.8,8.61
322,Patancheru,0,IN,1519147308,68,17.53,78.27,68.46,3.24
323,Nome,90,US,1519145700,73,30.04,-94.42,78.8,17.22
324,Santa Helena de Goias,32,BR,1519147309,89,-17.81,-50.6,81.6,8.16
325,Alibag,0,IN,1519147311,96,18.64,72.88,79.3,8.05
326,Natal,20,BR,1519146000,62,-5.81,-35.21,86,14.99
327,Kota Belud,0,MY,1519147314,100,6.35,116.43,79.98,12.19
328,Luzhou,76,CN,1519147315,96,28.89,105.45,46.23,2.13
329,Kalmunai,0,LK,1519147315,95,7.42,81.82,68.95,4.92
330,Naze,56,NG,1519147316,93,5.43,7.07,75.93,7.16
331,Tilichiki,76,RU,1519147316,74,60.47,166.1,11.8,7.16
332,Springbok,0,ZA,1519147317,21,-29.67,17.88,81.33,8.5
334,Huilong,88,CN,1519147348,95,28.89,110.18,38.49,6.71
335,Bereda,32,ES,1519147348,84,43.27,-7.54,47.31,5.93
336,Grindavik,75,IS,1519146240,86,63.84,-22.43,33.8,13.87
337,Shiyan,92,CN,1519147349,97,32.65,110.78,36.1,2.01
338,Weligama,8,LK,1519147350,94,5.97,80.42,77.55,6.38
339,Mecca,0,SA,1519147302,67,21.43,39.83,67.74,3.36
340,Seoul,32,KR,1519147094,45,37.57,126.98,16.75,4.92
341,Beringovskiy,64,RU,1519147355,85,63.05,179.32,30.97,30.2
342,Orchard Homes,40,US,1519145580,71,46.86,-114.05,3.2,6.93
343,Ambilobe,88,MG,1519147355,97,-13.19,49.05,71.02,3.36
344,Antofagasta,0,CL,1519146000,57,-23.65,-70.4,75.2,13.87
345,Mount Vernon,1,US,1519145760,56,37.94,-87.9,75.2,23.04
346,Sumbe,100,AO,1519147357,100,-11.2,13.84,76.11,9.62
347,Boa Vista,40,BR,1519146000,38,2.82,-60.67,91.4,12.75
348,Platanos,80,GR,1519147359,100,35.47,23.6,55.68,5.03
349,Vardo,1,US,1519145700,53,39.62,-77.74,73.4,14.99
350,Durant,90,US,1519146900,82,33.99,-96.37,66.2,9.17
351,Phalaborwa,80,ZA,1519147360,95,-23.95,31.14,72.06,13.09
352,Yendi,44,GH,1519147361,38,9.45,0,94.42,3.13
353,Beyneu,8,KZ,1519147363,65,45.32,55.19,9.06,5.14
354,Vestmannaeyjar,75,IS,1519146000,90,63.44,-20.27,33.8,23.04
355,Hasaki,88,JP,1519147365,100,35.73,140.83,49.47,10.51
356,Praya,64,ID,1519147366,100,-8.71,116.27,80.02,7.16
357,Kudahuvadhoo,100,MV,1519147366,100,2.67,72.89,83.04,13.87
358,Akdepe,24,TM,1519147367,82,42.05,59.39,30.57,7.16
359,Yumen,0,CN,1519147367,63,40.29,97.04,5.64,9.28
360,Oyabe,92,JP,1519147368,100,36.68,136.87,34.35,5.93
361,Makasar,44,ID,1519147368,100,-6.28,106.88,78.54,5.14
362,Ajdabiya,0,LY,1519147368,54,30.75,20.22,59.82,8.5
363,Sarandi,68,BR,1519147369,89,-27.94,-52.92,73.09,10.18
364,Dunedin,92,NZ,1519147143,100,-45.87,170.5,45.33,14.2
365,Kisumu,88,KE,1519147370,98,-0.1,34.75,62.92,3.91
366,Moose Factory,92,CA,1519147370,68,51.26,-80.61,-4.72,13.09
367,Santa Marta de Tormes,68,ES,1519147372,75,40.95,-5.63,44.65,10.4
368,Ensenada,0,MX,1519147337,34,31.86,-116.62,47.76,3.91
369,Faya,0,SA,1519147375,76,18.39,42.45,51.99,3.91
370,Totness,40,US,1519146900,78,33.74,-80.8,75.2,4.7
372,Sur,0,OM,1519147407,89,22.57,59.53,74.49,2.91
373,San Rafael,0,AR,1519147408,81,-34.61,-68.33,69.85,5.37
374,Juneau,75,US,1519145580,92,58.3,-134.42,17.6,3.36
375,Pecos,1,US,1519145700,42,31.42,-103.49,68,17.22
376,Mul,0,IN,1519147411,69,20.07,79.68,68.46,3.91
379,Caohe,88,CN,1519147477,80,32.93,105.08,29.62,1.79
381,Yanam,0,IN,1519147511,84,16.73,82.22,71.74,4.7
382,Busselton,0,AU,1519147512,100,-33.64,115.35,61.71,19.69
383,Semnan,0,IR,1519147512,71,35.58,53.39,40.11,3.13
384,Orange Cove,1,US,1519145760,64,36.62,-119.31,42.8,4.7
385,Benicarlo,0,ES,1519147513,89,40.42,0.43,58.42,25.84
387,Bambous Virieux,92,MU,1519147544,97,-20.34,57.76,76.69,3.36
389,Provideniya,36,RU,1519147578,88,64.42,-173.23,31.87,39.03
390,Lerwick,20,GB,1519145400,81,60.15,-1.15,44.6,6.93
391,Wahpeton,90,US,1519145700,71,46.27,-96.61,8.6,17.22
392,Atuona,92,PF,1519147579,96,-9.8,-139.03,81.87,20.8
393,Male,76,UA,1519147580,79,50.74,33.7,14.32,3.91
394,Neiafu,68,TO,1519147580,100,-18.65,-173.98,81.55,13.87
395,Dingle,56,PH,1519147581,91,11,122.67,77.01,11.18
396,Lorengau,80,PG,1519147581,99,-2.02,147.27,82.9,12.19
397,Severo-Yeniseyskiy,64,RU,1519147582,76,60.37,93.04,6.85,2.68
398,Ternate,0,PH,1519147582,86,14.29,120.72,78.9,13.65
400,Misratah,48,LY,1519147616,100,32.38,15.09,55,6.04
401,Ucluelet,80,CA,1519147618,90,48.94,-125.55,27.42,2.13
403,Linjiang,44,CN,1519147649,59,41.81,126.91,-3.64,3.69
404,Kizhinga,68,RU,1519147650,62,51.85,109.91,11.89,8.28
405,Ulaangom,12,MN,1519147650,22,49.98,92.07,-19.21,2.01
406,Inhambane,64,MZ,1519147651,91,-23.87,35.38,79.75,12.3
407,Banff,48,CA,1519147652,61,51.18,-115.57,-7.42,2.13
408,Nago,92,IT,1519147652,89,45.88,10.89,34.98,2.57
409,Geraldton,88,CA,1519147653,66,49.72,-86.95,-1.21,7.05
410,Port Alfred,100,ZA,1519147654,98,-33.59,26.89,70.62,6.15
411,Kutum,0,SD,1519147654,30,14.2,24.66,73.99,6.82
412,Daru,12,SL,1519147658,63,7.99,-10.85,88.08,5.26
413,Havre-Saint-Pierre,0,CA,1519147660,76,50.23,-63.6,9.96,9.73
414,Vao,48,EE,1519147661,81,59.1,26.19,10.54,4.14
415,Kirensk,56,RU,1519147661,60,57.78,108.12,4.02,4.36
416,Barra da Estiva,0,BR,1519147662,59,-13.63,-41.33,85.83,3.91
417,Iqaluit,64,CA,1519147662,85,63.75,-68.52,-9.85,24.38
418,Colomi,40,BO,1519142400,46,-17.34,-65.87,73.4,2.24
419,Kon Tum,12,VN,1519147663,93,14.36,108,63.64,2.01
420,Pokhara,0,NP,1519147663,81,28.21,83.99,38.94,1.9
421,Hobyo,12,SO,1519147664,89,5.35,48.53,76.29,11.97
422,Kolosovka,64,RU,1519147664,78,56.47,73.61,7.08,7.83
423,Fort Saint James,20,CA,1519147441,64,54.43,-124.25,1.77,1.12
424,Kloulklubed,40,PW,1519145520,78,7.04,134.26,78.8,5.82
425,Sitka,20,US,1519147669,68,37.17,-99.65,29.89,19.46
426,Verkhoyansk,64,RU,1519147670,43,67.55,133.39,-28.12,2.8
427,Masasi,24,TZ,1519147671,69,-10.73,38.81,80.43,9.84
428,Avera,90,US,1519146900,73,33.19,-82.53,77,6.93
429,Jining,92,CN,1519147671,95,35.41,116.58,35.25,7.94
430,Bathsheba,36,BB,1519147672,99,13.22,-59.52,78.72,21.59
431,Mount Pleasant,75,US,1519145700,73,33.16,-94.97,73.4,17.22
432,Jiuquan,0,CN,1519147673,54,39.73,98.49,-5.44,2.68
434,Biharamulo,8,TZ,1519147704,88,-2.64,31.31,66.3,2.57
435,Port Macquarie,80,AU,1519147705,91,-31.43,152.91,70.98,9.28
436,Barrhead,68,CA,1519147705,78,54.12,-114.4,9.55,7.83
437,Ponnani,20,IN,1519147706,84,10.77,75.93,77.1,1.68
438,Avarua,92,CK,1519147710,99,-21.21,-159.78,80.16,8.84
439,Raudeberg,75,NO,1519145400,80,61.99,5.14,35.6,13.87
440,Bluff,92,AU,1519147711,98,-23.58,149.07,68.46,10.4
441,Kargopol,44,RU,1519147711,74,61.51,38.95,8.02,8.39
442,Sobolevo,76,RU,1519147712,87,54.43,31.9,20.17,6.15
443,Kargasok,88,RU,1519147712,79,59.06,80.87,17.43,4.14
444,Lagoa,0,PT,1519147713,39,37.14,-8.45,64.68,5.03
445,Bitung,64,ID,1519147713,100,1.44,125.19,81.6,7.61
446,Ipixuna,75,BR,1519146000,83,-1.76,-48.8,78.8,6.93
447,Okha,24,RU,1519147714,92,53.59,142.95,-15.43,5.37
448,Paris,92,FR,1519147498,100,48.86,2.35,39.03,8.5
449,Calvillo,0,MX,1519147713,44,21.85,-102.72,69.63,6.93
451,Hornepayne,88,CA,1519147745,57,49.22,-84.78,5.46,6.93
453,Kurumkan,32,RU,1519147776,59,54.33,110.32,-4.9,3.13
454,Namatanai,68,PG,1519147776,98,-3.66,152.44,83.13,9.73
455,Miranda de Ebro,75,ES,1519146000,75,42.69,-2.95,53.6,12.75
456,Albany,40,US,1519145940,66,42.65,-73.75,62.6,13.87
457,Hobart,32,AU,1519147781,91,-42.88,147.33,44.34,2.46
459,Wasilla,90,US,1519145760,85,61.58,-149.44,24.8,1.79
460,Torbay,32,CA,1519147813,79,47.66,-52.73,37.14,12.64
461,Douglas,75,US,1519145580,92,58.28,-134.39,17.6,3.36
462,Marsh Harbour,44,BS,1519147815,98,26.54,-77.06,75.84,21.03
463,La Romana,40,DO,1519142400,78,18.43,-68.97,82.4,8.05
464,Kondinskoye,80,RU,1519147816,81,59.65,67.41,16.75,6.49
465,Biak,44,ID,1519147816,100,-0.91,122.88,77.91,1.68
467,Nizwa,0,OM,1519147847,45,22.93,57.53,63.69,1.9
468,San Jose,20,PH,1519147684,92,15.79,120.99,70.08,2.35
469,Peace River,32,CA,1519147853,48,56.23,-117.29,5.32,3.91
470,Lata,0,IN,1519147853,95,30.78,78.62,35.43,2.35
471,Lisala,68,CD,1519147854,80,2.15,21.52,76.11,5.93
472,Alyangula,0,AU,1519147854,100,-13.85,136.42,82.54,10.63
473,Mamallapuram,0,IN,1519147855,100,12.63,80.17,77.64,7.72
475,Nanning,92,CN,1519147886,97,22.83,108.3,66.66,8.5
476,Mulchen,40,CL,1519146000,68,-37.72,-72.23,69.8,5.82
477,Poum,92,MK,1519147887,99,41.28,20.71,32.37,2.01
478,General Roca,0,AR,1519146000,31,-39.03,-67.58,73.4,10.29
479,Uarini,75,BR,1519146000,84,-2.98,-65.16,87.8,5.82
480,Taitung,88,TW,1519147889,100,22.76,121.15,67.65,1.01
481,Matara,75,PE,1519142400,71,-13.74,-72.9,51.8,2.57
482,Bubaque,0,GW,1519147890,81,11.28,-15.83,81.33,10.63
483,Umm Kaddadah,0,SD,1519147893,31,13.6,26.69,75.21,2.57
484,Bara,0,NG,1519147894,28,10.41,10.6,88.12,4.59
485,Itoman,76,JP,1519147895,100,26.12,127.67,67.29,5.59
486,Douentza,8,ML,1519147895,19,15.01,-2.95,91.54,8.16
487,West Wendover,1,US,1519145760,57,40.74,-114.07,19.4,3.36
488,Oistins,36,BB,1519147896,99,13.07,-59.53,78.72,21.59
490,Eugene,90,US,1519146900,86,44.05,-123.1,33.8,8.05
491,Saskylakh,76,RU,1519147928,68,71.97,114.09,-4.99,21.7
492,Coihaique,75,CL,1519146000,45,-45.58,-72.07,62.6,9.17
493,Portland,90,US,1519146900,76,45.52,-122.67,33.8,12.75
494,Ornskoldsvik,0,SE,1519145400,91,63.29,18.72,10.4,2.24
495,Lebanon,75,US,1519146900,81,43.64,-72.25,57.2,8.05
496,Eydhafushi,0,MV,1519147935,100,5.1,73.07,81.96,6.04
497,Mandera,32,ET,1519147936,51,3.94,41.86,84.34,4.59
499,Vysotsk,0,RU,1519145400,85,60.63,28.57,12.2,4.7
500,Belgrade,88,RS,1519147813,73,44.82,20.46,38.58,19.24
502,Boguchany,64,RU,1519147999,73,58.38,97.46,10,5.26
503,Khanpur,32,PK,1519147999,73,28.65,70.66,65.58,6.6
504,Kunda,48,EE,1519148000,81,59.5,26.52,10.54,4.14
505,Necochea,0,AR,1519148000,85,-38.55,-58.74,70.17,12.86
506,Rawson,0,AR,1519148000,33,-43.3,-65.11,77.59,4.14
507,Alofi,92,NU,1519148001,100,-19.06,-169.92,80.29,13.2
508,Panguna,0,PG,1519148001,84,-6.32,155.48,72.19,0.89
509,Koltubanovskiy,76,RU,1519148002,84,52.94,52.03,15.72,4.81
510,Tasiilaq,75,GL,1519145400,57,65.61,-37.64,23,11.41
511,Mabaruma,88,GY,1519148005,73,8.2,-59.78,80.2,8.61
512,Linqiong,76,CN,1519148007,95,30.42,103.46,34.8,1.57
513,Ribeira Grande,88,PT,1519148007,94,38.52,-28.7,63.06,34.45
515,Dymer,44,UA,1519148038,90,50.78,30.31,19.68,3.24
516,Usolye-Sibirskoye,76,RU,1519148039,66,52.75,103.66,7.3,5.14
517,Ilulissat,90,GL,1519145400,70,69.22,-51.1,-0.41,9.17
518,Kupang,88,ID,1519148040,97,-10.16,123.6,80.43,3.69
519,Longyearbyen,20,NO,1519145400,73,78.22,15.63,21.2,17.22
520,Conceicao do Araguaia,48,BR,1519148042,98,-8.26,-49.26,82.32,6.6
521,Arlit,0,NE,1519148042,50,18.74,7.39,75.79,3.8
522,Bonfim,75,BR,1519142400,58,-20.33,-44.24,82.4,8.05
523,Port Hardy,0,CA,1519148045,91,50.7,-127.42,26.97,3.36
524,Los Llanos de Aridane,75,ES,1519146000,63,28.66,-17.92,64.4,13.87
525,Xinzhi,92,TW,1519148048,99,22.54,120.62,62.65,2.13
526,Mao,75,DO,1519142400,94,19.55,-71.08,77,8.05
527,Craig,90,US,1519147020,77,40.52,-107.55,8.6,4.7
528,Miles City,1,US,1519145580,83,46.41,-105.84,-7.61,6.93
529,Abnub,0,EG,1519148050,61,27.27,31.15,59.73,4.59
530,Xuddur,48,SO,1519148051,47,4.12,43.89,83.22,8.61
531,Houston,90,US,1519145700,83,29.76,-95.37,78.8,18.34
532,San Vicente,20,SV,1519145400,51,13.64,-88.78,91.4,3.36
533,Puerto Narino,75,CO,1519142400,83,-3.77,-70.38,82.4,4.7
534,Suluq,0,LY,1519148058,64,31.67,20.25,54.37,5.7
536,Maebaru,92,JP,1519148090,99,33.55,130.2,44.61,5.59
537,Vaitape,92,PF,1519148090,100,-16.52,-151.75,81.24,16.22
538,West Bay,20,GB,1519145400,70,50.71,-2.76,50,14.99
540,Broome,90,GB,1519145760,100,52.47,1.45,42.8,20.8
541,Marzuq,0,YE,1519148122,74,14.4,46.47,59.46,2.35
542,Verbivka,76,UA,1519148123,72,47.97,38.14,16.12,2.46
543,Monze,12,ZM,1519148123,84,-16.28,27.48,72.06,2.68
544,Hoa Binh,64,VN,1519148124,93,20.81,105.34,69.94,6.15
545,Kadoma,88,ZW,1519148124,71,-18.34,29.91,72.51,5.7
546,Healdsburg,75,US,1519146900,80,38.61,-122.87,41,10.07
547,San Ramon,40,NI,1519142400,77,12.92,-85.84,69.8,9.17
549,Ginda,0,IN,1519148160,95,30.69,78.49,35.43,2.35
550,Elizabeth City,75,US,1519147740,83,36.3,-76.22,75.2,12.75
551,Ouadda,8,CF,1519148161,34,8.07,22.4,84.79,6.15
552,Smolenskoye,24,RU,1519148161,55,52.31,85.08,-0.49,2.57
553,Orje,90,NO,1519145400,73,59.48,11.66,26.6,2.24
554,Zliv,56,CZ,1519148162,85,49.07,14.37,22.02,4.59
555,Tamiahua,8,MX,1519148163,92,21.28,-97.45,77.14,5.82
556,The Valley,20,AI,1519142400,54,18.22,-63.06,82.4,19.46
557,Shimoda,24,JP,1519148164,100,34.7,138.93,51.09,9.06
558,Bogande,0,BF,1519148164,30,12.97,-0.14,92.35,2.8
560,Myrtle Beach,40,US,1519146900,65,33.7,-78.89,77,9.17
561,Henties Bay,0,NA,1519148196,89,-22.12,14.28,66.66,9.17
562,Annau,8,TM,1519148197,94,37.89,58.52,36.87,3.02
563,Acari,20,BR,1519148197,93,-6.44,-36.64,78.94,3.02
564,Atasu,56,KZ,1519148199,65,48.68,71.64,12.25,9.17
565,Mogadishu,88,SO,1519148201,100,2.04,45.34,79.35,15.88
566,Padang,92,ID,1519148202,100,-0.92,100.36,80.2,1.68
567,Tokur,0,RU,1519148202,28,53.13,132.9,-21.05,2.24
569,Noshiro,80,JP,1519148233,100,40.21,140.05,33.4,23.82
570,San Quintin,0,PH,1519148234,85,17.54,120.52,67.24,2.24
571,Chipata,12,ZM,1519148234,61,-13.64,32.65,74.04,5.14
572,Bagotville,92,AU,1519148235,100,-28.98,153.42,72.15,17
573,Iquitos,40,PE,1519142400,55,-3.75,-73.25,89.6,10.29
574,Zhezkazgan,92,KZ,1519148235,73,47.8,67.71,21.07,13.31
575,Lompoc,1,US,1519146900,52,34.64,-120.46,51.8,3.36
578,Kenai,1,US,1519145760,92,60.55,-151.26,12.2,3.36
579,Razole,0,IN,1519148298,100,16.48,81.84,77.91,7.49
580,Canora,44,CA,1519148298,66,51.64,-102.43,-5.21,5.48
581,Wana,8,PK,1519148298,99,32.31,69.59,44.52,2.46
582,Kyrksaeterora,75,NO,1519145400,86,63.29,9.09,33.8,12.75
583,Wolfhagen,20,DE,1519145400,90,51.33,9.17,37.4,11.41
585,Tiksi,68,RU,1519148056,71,71.64,128.87,-10.93,25.05
586,Valleyview,64,CA,1519148161,82,55.07,-117.28,6.36,4.92
587,Licheng,76,CN,1519148338,100,24.5,110.4,53.52,4.14
588,Pangkalanbuun,20,ID,1519148339,94,-2.68,111.62,74.8,2.35
590,Yulara,80,AU,1519148370,65,-25.24,130.99,77.82,9.06
591,Namie,24,JP,1519148370,100,37.52,140.86,32.19,8.95
592,Santa Rosa,100,AR,1519148370,31,-36.62,-64.29,78.63,9.95
593,Sao Joao da Barra,20,BR,1519142400,52,-21.64,-41.05,91.4,9.17
595,Damghan,32,IR,1519148403,86,36.17,54.34,39.48,3.36
596,Rikitea,12,PF,1519148404,100,-23.12,-134.97,79.98,12.41
597,Jishou,76,CN,1519148404,95,28.26,109.7,39.25,7.49
598,Neryungri,44,RU,1519148405,57,56.66,124.71,-13.99,4.7
599,Ushuaia,40,AR,1519146000,67,-54.81,-68.31,59,12.75